name,phone,message
Satwa Bedspace Instagram (ladies),+971529331188,"Hi, saw your Satwa bedspace listing. Single working professional, looking for bed space AED 600-700, Satwa or Al Jafiliya, walking distance to Max Metro. Need lower bunk + window bed. Available now?"
Satwa Big Mosque capsule partition,+971522884786,"Hi, saw your capsule partition listing near Satwa Big Mosque. Is it still available? Single working professional, bed space AED 600-700 in Satwa, walking distance to Max Metro. Need lower bunk + window bed."
Satwa Roundabout (Abu Nasir),+971566353859,"Hi Abu Nasir, saw your Satwa Roundabout bedspace listing. Is the lower bed (AED 650) still available? Single working professional, working near WTC. When can I visit?"
Satwa FB Group admin (Nazir Karim),+971563229004,"Hi Nazir, just joined the Satwa Bedspace group. Looking for bed space AED 600-700, Satwa or Al Jafiliya, walking distance to Max Metro. Lower bunk + window bed. Any current options?"
Karama Bed Space FB admin (Rez Ez),+971551519645,"Hi Rez, just joined the Karama Bed Space group. Looking for bed space AED 600-700 in Karama, near ADCB or Burjuman Metro. Lower bunk + window bed. Any current options? Move-in ASAP."
rentforroom.com Satwa (Abu Nasir),+971503569919,"Hi, saw your Satwa listings on rentforroom.com. Looking for bed space AED 600-700 in Satwa, walking distance to Max Metro. Lower bunk + window bed. What do you have available now?"
rentforroom Karama 1,+971508870458,"Hi, looking for bed space AED 600-700 in Karama, near ADCB or Burjuman Metro. Lower bunk + window bed. What do you have available now? Move-in ASAP."
rentforroom Karama 2,+971501659458,"Hi, looking for bed space AED 600-700 in Karama, near ADCB or Burjuman Metro. Lower bunk + window bed. What do you have available now? Move-in ASAP."
rentforroom Karama 3,+971567957047,"Hi, looking for bed space AED 600-700 in Karama, near ADCB or Burjuman Metro. Lower bunk + window bed. What do you have available now? Move-in ASAP."
